,trn losses,vld losses
0,0.013981741004911789,0.011529129687696696
1,0.010618269799654693,0.009229361187666655
